id,name,type,desc,atk,def,level,race,attribute,archetype,image_url,image_path,file_name,simplified_type
60493189,Elemental HERO Plasma Vice,Fusion Monster,"""Elemental HERO Sparkman"" + ""Elemental HERO Bladedge""
Must be Fusion Summoned and cannot be Special Summoned by other ways. If this card attacks a Defense Position monster, inflict piercing Battle Damage to your opponent. You can discard 1 card to target 1 Attack Position monster your opponent controls; destroy that target.",2600,2300,8,Warrior,EARTH,Elemental HERO,https://images.ygoprodeck.com/images/cards_cropped/60493189.jpg,training_data_final/elementalhero_images/60493189.jpg,60493189.jpg,monster
59793705,Elemental HERO Bladedge,Effect Monster,"If this card attacks a Defense Position monster, inflict piercing battle damage to your opponent.",2600,1800,7,Warrior,EARTH,Elemental HERO,https://images.ygoprodeck.com/images/cards_cropped/59793705.jpg,training_data_final/elementalhero_images/59793705.jpg,59793705.jpg,effect monster
191749,Hero Flash!!,Spell Card,"Banish ""H - Heated Heart"", ""E - Emergency Call"", ""R - Righteous Justice"" and ""O - Oversoul"" from your Graveyard; Special Summon 1 ""Elemental HERO"" Normal Monster from your Deck. All ""Elemental HERO"" Normal Monsters you currently control can attack your opponent directly this turn.",0,0,0,Normal,Unknown,Elemental HERO,https://images.ygoprodeck.com/images/cards_cropped/191749.jpg,training_data_final/elementalhero_images/191749.jpg,191749.jpg,spell
22908820,Elemental HERO Sunrise,Fusion Monster,"2 ""HERO"" monsters with different Attributes
Must be Fusion Summoned. Monsters you control gain 200 ATK for each different Attribute you control. You can only use each of the following effects of ""Elemental HERO Sunrise"" once per turn.
● If this card is Special Summoned: You can add 1 ""Miracle Fusion"" from your Deck to your hand.
● When an attack is declared involving another ""HERO"" monster you control: You can target 1 card on the field; destroy it.",2500,1200,7,Warrior,LIGHT,Elemental HERO,https://images.ygoprodeck.com/images/cards_cropped/22908820.jpg,training_data_final/elementalhero_images/22908820.jpg,22908820.jpg,monster
98266377,Elemental HERO Heat,Effect Monster,"This card gains 200 ATK for each ""Elemental HERO"" monster you control.",1600,1200,4,Pyro,FIRE,Elemental HERO,https://images.ygoprodeck.com/images/cards_cropped/98266377.jpg,training_data_final/elementalhero_images/98266377.jpg,98266377.jpg,effect monster
51085303,Elemental HERO Poison Rose,Effect Monster,"Cannot be Normal Summoned or Set. Must be Special Summoned with ""Rose Bud"" and cannot be Special Summoned by other ways. Each time this card inflicts Battle Damage to your opponent: It gains 200 ATK and loses 200 DEF. Your opponent can only target ""Elemental HERO Poison Rose"" for attacks.",1900,2000,6,Plant,EARTH,Elemental HERO,https://images.ygoprodeck.com/images/cards_cropped/51085303.jpg,training_data_final/elementalhero_images/51085303.jpg,51085303.jpg,effect monster
85840608,Neo Space Connector,Effect Monster,"When this card is Normal Summoned: You can Special Summon 1 ""Neo-Spacian"" monster or 1 ""Elemental HERO Neos"" from your hand or Deck in Defense Position. You can Tribute this card, then target 1 ""Neo-Spacian"" monster or 1 ""Elemental HERO Neos"" in your GY; Special Summon it in Defense Position. You can only use each effect of ""Neo Space Connector"" once per turn.",800,1800,4,Warrior,LIGHT,Elemental HERO,https://images.ygoprodeck.com/images/cards_cropped/85840608.jpg,training_data_final/elementalhero_images/85840608.jpg,85840608.jpg,effect monster
35809262,Elemental HERO Flame Wingman,Fusion Monster,"""Elemental HERO Avian"" + ""Elemental HERO Burstinatrix""
Must be Fusion Summoned and cannot be Special Summoned by other ways. When this card destroys a monster by battle and sends it to the Graveyard: Inflict damage to your opponent equal to the ATK of the destroyed monster in the Graveyard.",2100,1200,6,Warrior,WIND,Elemental HERO,https://images.ygoprodeck.com/images/cards_cropped/35809262.jpg,training_data_final/elementalhero_images/35809262.jpg,35809262.jpg,monster
79979666,Elemental HERO Bubbleman,Effect Monster,"If this is the only card in your hand, you can Special Summon it (from your hand). When this card is Summoned: You can draw 2 cards. You must control no other cards and have no cards in your hand to activate and to resolve this effect.",800,1200,4,Warrior,WATER,Elemental HERO,https://images.ygoprodeck.com/images/cards_cropped/79979666.jpg,training_data_final/elementalhero_images/79979666.jpg,79979666.jpg,effect monster
84361420,Edge Hammer,Trap Card,"Tribute 1 ""Elemental HERO Bladedge"" to target 1 monster your opponent controls; destroy that target and inflict damage to your opponent equal to that target's original ATK.",0,0,0,Normal,Unknown,Elemental HERO,https://images.ygoprodeck.com/images/cards_cropped/84361420.jpg,training_data_final/elementalhero_images/84361420.jpg,84361420.jpg,trap
52098461,Wrath of Neos,Spell Card,"Select 1 face-up ""Elemental HERO Neos"" you control. Return it to the Deck and destroy all cards on the field.",0,0,0,Normal,Unknown,Elemental HERO,https://images.ygoprodeck.com/images/cards_cropped/52098461.jpg,training_data_final/elementalhero_images/52098461.jpg,52098461.jpg,spell
93347961,Elemental HERO Flame Wingman - Infernal Rage,Fusion Monster,"2 ""Elemental HERO"" monsters with different Attributes
Must be Fusion Summoned. If this card is Special Summoned: You can add 1 card with ""Favorite"" in its name from your Deck or GY to your hand. You can Tribute this card that was Fusion Summoned using a Normal Monster(s) as material; Special Summon 1 Level 7 or lower ""Elemental HERO"" monster from your Deck or Extra Deck that cannot be Normal Summoned/Set, ignoring its Summoning conditions. You can only use each effect of ""Elemental HERO Flame Wingman - Infernal Rage"" once per turn.",2100,1200,8,Warrior,WIND,Elemental HERO,https://images.ygoprodeck.com/images/cards_cropped/93347961.jpg,training_data_final/elementalhero_images/93347961.jpg,93347961.jpg,monster
69884162,Elemental HERO Neos Alius,Gemini Monster,"This card is treated as a Normal Monster while face-up on the field or in the GY. While this card is a Normal Monster on the field, you can Normal Summon it to have it become an Effect Monster with this effect.
● This card's name becomes ""Elemental HERO Neos"" while on the field.",1900,1300,4,Warrior,LIGHT,Elemental HERO,https://images.ygoprodeck.com/images/cards_cropped/69884162.jpg,training_data_final/elementalhero_images/69884162.jpg,69884162.jpg,monster
64655485,Elemental HERO Brave Neos,Fusion Monster,"""Elemental HERO Neos"" + 1 Level 4 or lower Effect Monster
Must be Fusion Summoned. Gains 100 ATK for each ""Neo-Spacian"" and ""HERO"" monster in your GY. When this card destroys an opponent's monster by battle: You can add 1 Spell/Trap from your Deck to your hand that specifically lists the card ""Elemental HERO Neos"" in its text.",2500,2000,7,Warrior,LIGHT,Elemental HERO,https://images.ygoprodeck.com/images/cards_cropped/64655485.jpg,training_data_final/elementalhero_images/64655485.jpg,64655485.jpg,monster
10186633,EN Shuffle,Spell Card,"Shuffle 1 ""Elemental HERO"" or ""Neo-Spacian"" monster you control into the Deck, and if you do, Special Summon 1 ""Elemental HERO"" or ""Neo-Spacian"" monster with a different name from your Deck. You can banish this card from your GY; shuffle from your GY into the Deck, either 1 ""Elemental HERO"" monster and 1 ""Neo-Spacian"" monster, OR 1 ""Elemental HERO Neos"", then draw 1 card. You can only use each effect of ""EN Shuffle"" once per turn.",0,0,0,Normal,Unknown,Unknown,https://images.ygoprodeck.com/images/cards_cropped/10186633.jpg,training_data_final/elementalhero_images/10186633.jpg,10186633.jpg,spell
32828466,Wake Up Your Elemental HERO,Fusion Monster,"1 ""Elemental HERO"" Fusion Monster + 1+ Warrior monsters
Must be Fusion Summoned. Gains 300 ATK for each material used for its Summon. This card can make a number of attacks on monsters each Battle Phase, up to the number of Fusion Monsters used as material for its Summon. After damage calculation, if this card battled a monster: Destroy that monster, and if you do, inflict damage to your opponent equal to its original ATK. If this Fusion Summoned card is destroyed: Special Summon 1 Warrior monster from your hand or Deck.",2500,2100,10,Warrior,LIGHT,Elemental HERO,https://images.ygoprodeck.com/images/cards_cropped/32828466.jpg,training_data_final/elementalhero_images/32828466.jpg,32828466.jpg,monster
81003500,Elemental HERO Necroid Shaman,Fusion Monster,"""Elemental HERO Wildheart"" + ""Elemental HERO Necroshade""
Must be Fusion Summoned and cannot be Special Summoned by other ways. When this card is Special Summoned: Target 1 monster your opponent controls; destroy that target, then Special Summon 1 monster from your opponent's Graveyard to their side of the field.",1900,1800,6,Warrior,DARK,Elemental HERO,https://images.ygoprodeck.com/images/cards_cropped/81003500.jpg,training_data_final/elementalhero_images/81003500.jpg,81003500.jpg,monster
75141056,Hero Mask,Spell Card,"Target 1 face-up monster you control; send 1 ""Elemental HERO"" monster from your Deck to the Graveyard, and if you do, that target's name becomes the sent monster's name, until the End Phase.",0,0,0,Normal,Unknown,Elemental HERO,https://images.ygoprodeck.com/images/cards_cropped/75141056.jpg,training_data_final/elementalhero_images/75141056.jpg,75141056.jpg,spell
18302224,Reverse of Neos,Spell Card,"Activate only when a face-up ""Neos"" Fusion Monster you control is destroyed. Special Summon 1 ""Elemental Hero Neos"" from your Deck in Attack Position. It gains 1000 ATK and is destroyed during the End Phase of this turn.",0,0,0,Quick-Play,Unknown,Elemental HERO,https://images.ygoprodeck.com/images/cards_cropped/18302224.jpg,training_data_final/elementalhero_images/18302224.jpg,18302224.jpg,spell
52031567,Elemental HERO Mudballman,Fusion Monster,"""Elemental HERO Bubbleman"" + ""Elemental HERO Clayman""
Must be Fusion Summoned and cannot be Special Summoned by other ways.",1900,3000,6,Warrior,EARTH,Elemental HERO,https://images.ygoprodeck.com/images/cards_cropped/52031567.jpg,training_data_final/elementalhero_images/52031567.jpg,52031567.jpg,monster
9327502,Elemental HERO Voltic,Effect Monster,"When this card inflicts battle damage to your opponent: You can target 1 of your banished ""Elemental HERO"" monsters; Special Summon that target.",1000,1500,4,Thunder,LIGHT,Elemental HERO,https://images.ygoprodeck.com/images/cards_cropped/9327502.jpg,training_data_final/elementalhero_images/9327502.jpg,9327502.jpg,effect monster
53586134,Bubble Blaster,Spell Card,"You can only equip this card to ""Elemental Hero Bubbleman"". Increase the ATK of the equipped monster by 800 points. If the equipped monster would be destroyed as a result of battle, destroy this card instead, and make the Battle Damage to the controller of the equipped monster 0.",0,0,0,Equip,Unknown,Elemental HERO,https://images.ygoprodeck.com/images/cards_cropped/53586134.jpg,training_data_final/elementalhero_images/53586134.jpg,53586134.jpg,spell
31817415,Armed Neos,Fusion Monster,"""Elemental HERO Neos"" + 1 ""Armed Dragon"" monster
Must be Fusion Summoned. If this card is Special Summoned: You can choose 1 Dragon monster in your GY and destroy all monsters your opponent controls with an equal or lower Level than it. When this card destroys a monster by battle: You can make this card gain the following effect.
● During the Main Phase (Quick Effect): You can Tribute this card; Special Summon 1 ""Elemental HERO"" Fusion Monster from your Extra Deck, ignoring its Summoning conditions.",3500,3000,10,Warrior,WIND,Neos,https://images.ygoprodeck.com/images/cards_cropped/31817415.jpg,training_data_final/elementalhero_images/31817415.jpg,31817415.jpg,monster
44676200,Hero Barrier,Trap Card,"Negate 1 attack from an opponent's monster. You must control a face-up ""Elemental HERO"" monster to resolve this effect.",0,0,0,Normal,Unknown,Elemental HERO,https://images.ygoprodeck.com/images/cards_cropped/44676200.jpg,training_data_final/elementalhero_images/44676200.jpg,44676200.jpg,trap
61204971,Elemental HERO Thunder Giant,Fusion Monster,"""Elemental HERO Sparkman"" + ""Elemental HERO Clayman""
Must be Fusion Summoned and cannot be Special Summoned by other ways. Once per turn: You can discard 1 card to target 1 face-up monster on the field with original ATK less than the ATK of this card; destroy that target.",2400,1500,6,Warrior,LIGHT,Elemental HERO,https://images.ygoprodeck.com/images/cards_cropped/61204971.jpg,training_data_final/elementalhero_images/61204971.jpg,61204971.jpg,monster
6480253,Wroughtweiler,Effect Monster,"When this card is destroyed by battle and sent to the Graveyard: Target 1 ""Elemental HERO"" card and 1 ""Polymerization"" in your Graveyard; add both those targets to your hand.",800,1200,3,Machine,EARTH,Elemental HERO,https://images.ygoprodeck.com/images/cards_cropped/6480253.jpg,training_data_final/elementalhero_images/6480253.jpg,6480253.jpg,effect monster
89252153,Elemental HERO Necroshade,Effect Monster,"Once, while this card is in the Graveyard, 1 Level 5 or higher ""Elemental HERO"" monster you Normal Summon can be Summoned without Tributing.",1600,1800,5,Warrior,DARK,Elemental HERO,https://images.ygoprodeck.com/images/cards_cropped/89252153.jpg,training_data_final/elementalhero_images/89252153.jpg,89252153.jpg,effect monster
14225239,Elemental HERO Mariner,Fusion Monster,"""Elemental HERO Bubbleman"" + ""Elemental HERO Avian""
Must be Fusion Summoned and cannot be Special Summoned by other ways. While you have any face-down card(s) in your Spell & Trap Card Zones, this card can attack your opponent directly.",1400,1000,5,Warrior,WATER,Elemental HERO,https://images.ygoprodeck.com/images/cards_cropped/14225239.jpg,training_data_final/elementalhero_images/14225239.jpg,14225239.jpg,monster
10759529,Kid Guard,Trap Card,"When an opponent's monster declares an attack: Tribute 1 ""Hero Kid""; negate the attack, then add 1 ""Elemental HERO"" monster from your Deck to your hand.",0,0,0,Normal,Unknown,Elemental HERO,https://images.ygoprodeck.com/images/cards_cropped/10759529.jpg,training_data_final/elementalhero_images/10759529.jpg,10759529.jpg,trap
41436536,Elemental HERO Phoenix Enforcer,Fusion Monster,"""Elemental HERO Avian"" + ""Elemental HERO Burstinatrix""
Must be Fusion Summoned and cannot be Special Summoned by other ways. This card cannot be destroyed by battle.",2100,1200,6,Warrior,FIRE,Elemental HERO,https://images.ygoprodeck.com/images/cards_cropped/41436536.jpg,training_data_final/elementalhero_images/41436536.jpg,41436536.jpg,monster
55428811,Fifth Hope,Spell Card,"Target 5 ""Elemental HERO"" cards in your Graveyard; shuffle them into the Deck, then draw 2 cards (draw 3 cards instead, if you had no other cards on your side of the field and in your hand when you activated this card).",0,0,0,Normal,Unknown,Elemental HERO,https://images.ygoprodeck.com/images/cards_cropped/55428811.jpg,training_data_final/elementalhero_images/55428811.jpg,55428811.jpg,spell
99075257,D - Time,Trap Card,"When a face-up ""Elemental HERO"" monster you control leaves the field: Add 1 ""Destiny HERO"" monster from your Deck to your hand whose Level is less than or equal to that ""Elemental HERO"" monster's original Level.",0,0,0,Normal,Unknown,Destiny HERO,https://images.ygoprodeck.com/images/cards_cropped/99075257.jpg,training_data_final/elementalhero_images/99075257.jpg,99075257.jpg,trap
63060238,Elemental HERO Blazeman,Effect Monster,"If this card is Normal or Special Summoned: You can add 1 ""Polymerization"" from your Deck to your hand. During your Main Phase: You can activate this effect; you cannot Special Summon monsters for the rest of this turn, except Fusion Monsters, also send 1 ""Elemental HERO"" monster from your Deck to the GY, except ""Elemental HERO Blazeman"", and if you do, this card's Attribute and ATK/DEF become the same as the monster sent to the GY, until the end of this turn. You can only use 1 ""Elemental HERO Blazeman"" effect per turn, and only once that turn.",1200,1800,4,Warrior,FIRE,Elemental HERO,https://images.ygoprodeck.com/images/cards_cropped/63060238.jpg,training_data_final/elementalhero_images/63060238.jpg,63060238.jpg,effect monster
22020907,Hero Signal,Trap Card,"When a monster you control is destroyed by battle and sent to the Graveyard: Special Summon 1 Level 4 or lower ""Elemental HERO"" monster from your hand or Deck.",0,0,0,Normal,Unknown,Elemental HERO,https://images.ygoprodeck.com/images/cards_cropped/22020907.jpg,training_data_final/elementalhero_images/22020907.jpg,22020907.jpg,trap
90307498,Elemental HERO Neos Kluger,Fusion Monster,"""Elemental HERO Neos"" + ""Yubel""
Must be Fusion Summoned. Before damage calculation, if this card battles an opponent's monster: You can inflict damage to your opponent equal to that opponent's monster's ATK. If this face-up card is destroyed by battle, or leaves the field because of an opponent's card effect while its owner controls it: You can Special Summon 1 ""Neos Wiseman"" from your hand or Deck, ignoring its Summoning conditions. You can only use this effect of ""Elemental HERO Neos Kluger"" once per turn.",3000,2500,9,Spellcaster,LIGHT,Elemental HERO,https://images.ygoprodeck.com/images/cards_cropped/90307498.jpg,training_data_final/elementalhero_images/90307498.jpg,90307498.jpg,monster
213326,E - Emergency Call,Spell Card,"Add 1 ""Elemental HERO"" monster from your Deck to your hand.",0,0,0,Normal,Unknown,Elemental HERO,https://images.ygoprodeck.com/images/cards_cropped/213326.jpg,training_data_final/elementalhero_images/213326.jpg,213326.jpg,spell
75047173,Favorite Contact,Trap Card,"Special Summon 1 Fusion Monster from your Extra Deck that mentions a ""HERO"" monster as material, ignoring its Summoning conditions, by placing the Fusion Materials mentioned on it on the bottom of the Deck in any order, from among cards in your hand, field, GY, and/or your banished cards. If you placed ""Elemental HERO Neos"" into the Deck, neither player can return the monster Special Summoned by this effect to the Extra Deck. You can only activate 1 ""Favorite Contact"" per turn.",0,0,0,Normal,Unknown,Contact,https://images.ygoprodeck.com/images/cards_cropped/75047173.jpg,training_data_final/elementalhero_images/75047173.jpg,75047173.jpg,trap
5128859,Elemental HERO Marine Neos,Fusion Monster,"""Elemental HERO Neos"" + ""Neo-Spacian Marine Dolphin""
Must first be Special Summoned (from your Extra Deck) by shuffling the above cards you control into the Deck. (You do not use ""Polymerization"".) Once per turn: You can destroy 1 random card in your opponent's hand.",2800,2300,8,Warrior,WATER,Elemental HERO,https://images.ygoprodeck.com/images/cards_cropped/5128859.jpg,training_data_final/elementalhero_images/5128859.jpg,5128859.jpg,monster
25366484,Elemental HERO Shining Flare Wingman,Fusion Monster,"""Elemental HERO Flame Wingman"" + ""Elemental HERO Sparkman""
Must be Fusion Summoned and cannot be Special Summoned by other ways. This card gains 300 ATK for each ""Elemental HERO"" card in your Graveyard. When this card destroys a monster by battle and sends it to the Graveyard: Inflict damage to your opponent equal to the ATK of the destroyed monster in the Graveyard.",2500,2100,8,Warrior,LIGHT,Elemental HERO,https://images.ygoprodeck.com/images/cards_cropped/25366484.jpg,training_data_final/elementalhero_images/25366484.jpg,25366484.jpg,monster
40044918,Elemental HERO Stratos,Effect Monster,"When this card is Normal or Special Summoned: You can activate 1 of these effects.
● Destroy Spells/Traps on the field, up to the number of ""HERO"" monsters you control, except this card.
● Add 1 ""HERO"" monster from your Deck to your hand.",1800,300,4,Warrior,WIND,Elemental HERO,https://images.ygoprodeck.com/images/cards_cropped/40044918.jpg,training_data_final/elementalhero_images/40044918.jpg,40044918.jpg,effect monster
42015635,Neo Space,Spell Card,"""Elemental HERO Neos"" and all Fusion Monsters that specifically list ""Elemental HERO Neos"" as a Fusion Material gain 500 ATK. Fusion Monsters that specifically list ""Elemental HERO Neos"" as a Fusion Material do not have to activate their effects during the End Phase that shuffle them into the Extra Deck.",0,0,0,Field,Unknown,Elemental HERO,https://images.ygoprodeck.com/images/cards_cropped/42015635.jpg,training_data_final/elementalhero_images/42015635.jpg,42015635.jpg,spell
72926163,Elemental HERO Neos Knight,Fusion Monster,"""Elemental HERO Neos"" + 1 Warrior monster
Must be Fusion Summoned. Gains ATK equal to half the original ATK of the Warrior Fusion Material used for its Fusion Summon, except ""Elemental HERO Neos"". Can make a second attack during each Battle Phase. Your opponent takes no battle damage from attacks involving this card.",2500,1000,7,Warrior,LIGHT,Elemental HERO,https://images.ygoprodeck.com/images/cards_cropped/72926163.jpg,training_data_final/elementalhero_images/72926163.jpg,72926163.jpg,monster
1945387,Elemental HERO Nova Master,Fusion Monster,"1 ""Elemental HERO"" monster + 1 FIRE monster
Must be Fusion Summoned. If this card destroys an opponent's monster by battle: Draw 1 card.",2600,2100,8,Warrior,FIRE,Elemental HERO,https://images.ygoprodeck.com/images/cards_cropped/1945387.jpg,training_data_final/elementalhero_images/1945387.jpg,1945387.jpg,monster
40854197,Elemental HERO Absolute Zero,Fusion Monster,"1 ""HERO"" monster + 1 WATER monster
Must be Fusion Summoned. Gains 500 ATK for each WATER monster on the field, except ""Elemental HERO Absolute Zero"". If this card leaves the field: Destroy all monsters your opponent controls.",2500,2000,8,Warrior,WATER,Elemental HERO,https://images.ygoprodeck.com/images/cards_cropped/40854197.jpg,training_data_final/elementalhero_images/40854197.jpg,40854197.jpg,monster
22479888,Clay Charge,Trap Card,"When an ""Elemental HERO Clayman"" you control is targeted for an attack (even if it is face-down, but reveal it to your opponent in that case): Destroy the attacking monster and that ""Elemental HERO Clayman"", and inflict 800 damage to your opponent.",0,0,0,Normal,Unknown,Elemental HERO,https://images.ygoprodeck.com/images/cards_cropped/22479888.jpg,training_data_final/elementalhero_images/22479888.jpg,22479888.jpg,trap
25090294,Rose Bud,Spell Card,"Tribute 1 ""Elemental HERO Knospe""; Special Summon 1 ""Elemental HERO Poison Rose"" from your hand or Deck.",0,0,0,Normal,Unknown,Elemental HERO,https://images.ygoprodeck.com/images/cards_cropped/25090294.jpg,training_data_final/elementalhero_images/25090294.jpg,25090294.jpg,spell
55615891,Elemental HERO Wild Wingman,Fusion Monster,"""Elemental HERO Wildheart"" + ""Elemental HERO Avian""
Must be Fusion Summoned and cannot be Special Summoned by other ways. You can discard 1 card to target 1 Spell/Trap Card on the field; destroy that target.",1900,2300,8,Warrior,EARTH,Elemental HERO,https://images.ygoprodeck.com/images/cards_cropped/55615891.jpg,training_data_final/elementalhero_images/55615891.jpg,55615891.jpg,monster
83121692,Elemental HERO Tempest,Fusion Monster,"""Elemental HERO Avian"" + ""Elemental HERO Sparkman"" + ""Elemental HERO Bubbleman""
Must be Fusion Summoned and cannot be Special Summoned by other ways. You can send 1 other card you control to the Graveyard to target 1 monster you control; while this card is face-up on the field, that monster cannot be destroyed by battle.",2800,2800,8,Warrior,WIND,Elemental HERO,https://images.ygoprodeck.com/images/cards_cropped/83121692.jpg,training_data_final/elementalhero_images/83121692.jpg,83121692.jpg,monster
13256226,Elemental HERO Spirit of Neos,Effect Monster,"When an opponent's monster declares an attack: You can Special Summon this card from your hand in Defense Position, and if you do, it cannot be destroyed by battle. If this card is Special Summoned: You can add from your Deck to your hand 1 ""Polymerization"" or 1 Spell/Trap that mentions an ""Elemental HERO"" monster's card name. During your Main Phase: You can shuffle this card into the Deck, and if you do, Special Summon 1 ""Elemental HERO"" Normal Monster from your Deck. You can only use each effect of ""Elemental HERO Spirit of Neos"" once per turn.",2500,2000,7,Warrior,LIGHT,Elemental HERO,https://images.ygoprodeck.com/images/cards_cropped/13256226.jpg,training_data_final/elementalhero_images/13256226.jpg,13256226.jpg,effect monster
61968753,Bubble Shuffle,Spell Card,"Target 1 face-up Attack Position ""Elemental HERO Bubbleman"" you control and 1 face-up Attack Position monster your opponent controls; change both those targets to Defense Position, then Tribute that ""Elemental HERO Bubbleman"", then Special Summon 1 ""Elemental HERO"" monster from your hand.",0,0,0,Quick-Play,Unknown,Elemental HERO,https://images.ygoprodeck.com/images/cards_cropped/61968753.jpg,training_data_final/elementalhero_images/61968753.jpg,61968753.jpg,spell
46570372,Battle of Sleeping Spirits,Spell Card,"Each player can Special Summon 1 monster from their GY that was destroyed by battle this turn, in Attack Position, and if you Special Summoned ""Elemental HERO Neos"" by this effect, if it battles your opponent's monster this turn, its ATK becomes doubled during the Damage Step only. You can only activate 1 ""Battle of Sleeping Spirits"" per turn.",0,0,0,Quick-Play,Unknown,Unknown,https://images.ygoprodeck.com/images/cards_cropped/46570372.jpg,training_data_final/elementalhero_images/46570372.jpg,46570372.jpg,spell
66367984,Protection of the Elements,Trap Card,"When a Spell/Trap Card is activated: Banish 1 face-up ""Elemental HERO"" monster you control until the End Phase; negate the activation, and if you do, destroy that card. If you control ""Elemental HERO Terra Firma"": You can banish this card from your GY; Special Summon 1 of your ""Elemental HERO"" monsters that is banished, or in your hand or GY, ignoring its Summoning conditions. You can only use this effect of ""Protection of the Elements"" once per turn.",0,0,0,Counter,Unknown,Unknown,https://images.ygoprodeck.com/images/cards_cropped/66367984.jpg,training_data_final/elementalhero_images/66367984.jpg,66367984.jpg,trap
11913700,Instant Neo Space,Spell Card,"Equip only to a Fusion Monster that lists ""Elemental HERO Neos"" as material. It does not have to activate its effect during the End Phase to shuffle itself into the Extra Deck. If the equipped monster leaves the field: You can Special Summon 1 ""Elemental HERO Neos"" from your hand, Deck, or GY.",0,0,0,Equip,Unknown,Elemental HERO,https://images.ygoprodeck.com/images/cards_cropped/11913700.jpg,training_data_final/elementalhero_images/11913700.jpg,11913700.jpg,spell
45195443,Elemental HERO Solid Soldier,Effect Monster,"When this card is Normal Summoned: You can Special Summon 1 Level 4 or lower ""HERO"" monster from your hand. If this card is sent from the Monster Zone to the GY by a Spell effect: You can target 1 ""HERO"" monster in your GY, except ""Elemental HERO Solid Soldier""; Special Summon it in Defense Position. You can only use this effect of ""Elemental HERO Solid Soldier"" once per turn.",1300,1100,4,Warrior,EARTH,Elemental HERO,https://images.ygoprodeck.com/images/cards_cropped/45195443.jpg,training_data_final/elementalhero_images/45195443.jpg,45195443.jpg,effect monster
10526791,Elemental HERO Wildedge,Fusion Monster,"""Elemental HERO Wildheart"" + ""Elemental HERO Bladedge""
Must be Fusion Summoned and cannot be Special Summoned by other ways. This card can attack every monster your opponent controls (one attack on each monster per Battle Phase).",2600,2300,8,Warrior,EARTH,Elemental HERO,https://images.ygoprodeck.com/images/cards_cropped/10526791.jpg,training_data_final/elementalhero_images/10526791.jpg,10526791.jpg,monster
5285665,Elemental HERO Neo Bubbleman,Effect Monster,"This card cannot be Normal Summoned or Set. This card cannot be Special Summoned except by sending an ""Elemental Hero Bubbleman"" you control and ""Metamorphosis"" in your hand to the Graveyard. This card's name is treated as ""Elemental Hero Bubbleman"" while it is face-up on the field. Destroy an opponent's monster that battles this card at the end of the Damage Step.",800,1200,4,Warrior,WATER,Elemental HERO,https://images.ygoprodeck.com/images/cards_cropped/5285665.jpg,training_data_final/elementalhero_images/5285665.jpg,5285665.jpg,effect monster
86346643,Rainbow Neos,Fusion Monster,"""Elemental HERO Neos"" + 1 ""Ultimate Crystal"" monster
Must be Fusion Summoned with the above Fusion Material Monsters and cannot be Special Summoned by other ways. Once per turn: You can activate 1 of these effects. ● Send 1 monster you control to the Graveyard; shuffle all monsters your opponent controls into the Deck. ● Send 1 Spell/Trap Card you control to the Graveyard; shuffle all Spell and Trap Cards your opponent controls into the Deck. ● Send 1 card from the top of your Deck to the Graveyard; shuffle all cards in your opponent's Graveyard into the Deck.",4500,3000,10,Warrior,LIGHT,Elemental HERO,https://images.ygoprodeck.com/images/cards_cropped/86346643.jpg,training_data_final/elementalhero_images/86346643.jpg,86346643.jpg,monster
3642509,Elemental HERO Great Tornado,Fusion Monster,"1 ""Elemental HERO"" monster + 1 WIND monster
Must be Fusion Summoned and cannot be Special Summoned by other ways. If this card is Fusion Summoned: Halve the ATK and DEF of all face-up monsters your opponent currently controls.",2800,2200,8,Warrior,WIND,Elemental HERO,https://images.ygoprodeck.com/images/cards_cropped/3642509.jpg,training_data_final/elementalhero_images/3642509.jpg,3642509.jpg,monster
90050480,Elemental HERO Cosmo Neos,Fusion Monster,"""Elemental HERO Neos"" + 3 ""Neo-Spacian"" monsters with different Attributes
Must first be Special Summoned (from your Extra Deck) by shuffling the above cards you control into the Deck. (You do not use ""Polymerization"".) If this card is Special Summoned from the Extra Deck: You can activate this effect; for the rest of this turn, your opponent cannot activate cards, also cards your opponent controls cannot activate their effects. Your opponent cannot activate cards or effects in response to this effect's activation. Once per turn, during the End Phase: Shuffle this card into the Extra Deck, and if you do, destroy all cards your opponent controls.",3500,3000,11,Warrior,LIGHT,Elemental HERO,https://images.ygoprodeck.com/images/cards_cropped/90050480.jpg,training_data_final/elementalhero_images/90050480.jpg,90050480.jpg,monster
29343734,Elemental HERO Electrum,Fusion Monster,"""Elemental HERO Avian"" + ""Elemental HERO Burstinatrix"" + ""Elemental HERO Clayman"" + ""Elemental HERO Bubbleman""
Must be Fusion Summoned and cannot be Special Summoned by other ways. While face-up on the field, this card is also WIND, WATER, FIRE, and EARTH-Attribute. When this card is Fusion Summoned: Shuffle all banished cards into the Deck(s). This card gains 300 ATK for each monster your opponent controls that shares an Attribute with this card.",2900,2600,10,Warrior,LIGHT,Elemental HERO,https://images.ygoprodeck.com/images/cards_cropped/29343734.jpg,training_data_final/elementalhero_images/29343734.jpg,29343734.jpg,monster
19024706,Hero Counterattack,Trap Card,"When an ""Elemental HERO"" monster you control is destroyed by battle: Your opponent chooses and reveals 1 random card from your hand, then, if it is an ""Elemental HERO"" monster, you destroy 1 monster your opponent controls and Special Summon the chosen monster.",0,0,0,Normal,Unknown,Elemental HERO,https://images.ygoprodeck.com/images/cards_cropped/19024706.jpg,training_data_final/elementalhero_images/19024706.jpg,19024706.jpg,trap
58932615,Elemental HERO Burstinatrix,Normal Monster,A flame manipulator who was the first Elemental HERO woman. Her Burstfire burns away villainy.,1200,800,3,Warrior,FIRE,Elemental HERO,https://images.ygoprodeck.com/images/cards_cropped/58932616.jpg,training_data_final/elementalhero_images/58932616.jpg,58932616.jpg,monster
21844576,Elemental HERO Avian,Normal Monster,"A winged Elemental HERO who wheels through the sky and manipulates the wind. His signature move, Featherbreak, gives villainy a blow from sky-high.",1000,1000,3,Warrior,WIND,Elemental HERO,https://images.ygoprodeck.com/images/cards_cropped/21844577.jpg,training_data_final/elementalhero_images/21844577.jpg,21844577.jpg,monster
58932615,Elemental HERO Burstinatrix,Normal Monster,A flame manipulator who was the first Elemental HERO woman. Her Burstfire burns away villainy.,1200,800,3,Warrior,FIRE,Elemental HERO,https://images.ygoprodeck.com/images/cards_cropped/58932615.jpg,training_data_final/elementalhero_images/58932615.jpg,58932615.jpg,monster
29612557,Cyclone Boomerang,Spell Card,"Equip only to ""Elemental HERO Wildheart"". It gains 500 ATK. When the equipped monster is destroyed by a card effect and sent to the Graveyard: Destroy all Spell and Trap Cards on the field, then inflict 100 damage to your opponent for each Spell/Trap Card destroyed by this effect.",0,0,0,Equip,Unknown,Elemental HERO,https://images.ygoprodeck.com/images/cards_cropped/29612557.jpg,training_data_final/elementalhero_images/29612557.jpg,29612557.jpg,spell
80170678,EN - Engage Neo Space,Spell Card,"Send 1 ""Neo-Spacian"" monster and 1 ""Elemental HERO"" monster (1 from your hand and 1 from your Deck) to the GY; Special Summon 1 ""Neo-Spacian"" monster or 1 Level 5 or higher ""Elemental HERO"" monster from your Deck, and if you do, add 1 ""Polymerization"" from your Deck or GY to your hand. If you Special Summoned ""Elemental HERO Neos"" by this effect, it gains 1000 ATK. You cannot Special Summon monsters from the Extra Deck, except Fusion Monsters, the turn you activate this card. You can only activate 1 ""EN - Engage Neo Space"" per turn.",0,0,0,Normal,Unknown,Neo Space,https://images.ygoprodeck.com/images/cards_cropped/80170678.jpg,training_data_final/elementalhero_images/80170678.jpg,80170678.jpg,spell
40080312,Elemental HERO Nebula Neos,Fusion Monster,"""Elemental HERO Neos"" + ""Neo-Spacian Grand Mole"" + ""Neo-Spacian Dark Panther""
Must first be Special Summoned (from your Extra Deck) by shuffling the above cards you control into the Deck. (You do not use ""Polymerization"".) If this card is Special Summoned from the Extra Deck: Draw cards equal to the number of cards your opponent controls, then negate the effects of 1 face-up card on the field until the end of this turn. Once per turn, during the End Phase: Shuffle this card into the Extra Deck, and if you do, banish all cards on the field face-down.",3000,2500,9,Warrior,EARTH,Elemental HERO,https://images.ygoprodeck.com/images/cards_cropped/40080312.jpg,training_data_final/elementalhero_images/40080312.jpg,40080312.jpg,monster
71060915,Feather Wind,Trap Card,"When a Spell/Trap Card is activated while you control a face-up ""Elemental HERO Avian"": Negate the activation and destroy it.",0,0,0,Counter,Unknown,Elemental HERO,https://images.ygoprodeck.com/images/cards_cropped/71060915.jpg,training_data_final/elementalhero_images/71060915.jpg,71060915.jpg,trap
50282757,Evil HERO Infernal Sniper,Fusion Monster,"""Elemental HERO Clayman"" + ""Elemental HERO Burstinatrix""
Must be Special Summoned with ""Dark Fusion"" and cannot be Special Summoned by other ways. This card cannot be destroyed by Spell Cards. During each of your Standby Phases: Inflict 1000 damage to your opponent. This card must be in face-up Defense Position to activate and to resolve this effect.",2000,2500,6,Fiend,FIRE,Evil HERO,https://images.ygoprodeck.com/images/cards_cropped/50282757.jpg,training_data_final/elementalhero_images/50282757.jpg,50282757.jpg,monster
48996569,Elemental HERO Grand Neos,Fusion Monster,"""Elemental HERO Neos"" + ""Neo-Spacian Grand Mole""
Must first be Special Summoned (from your Extra Deck) by shuffling the above cards you control into the Deck. (You do not use ""Polymerization"".) Once per turn: You can target 1 monster your opponent controls; return that target to the hand. During the End Phase: Shuffle this card into the Extra Deck.",2500,2000,7,Warrior,EARTH,Elemental HERO,https://images.ygoprodeck.com/images/cards_cropped/48996569.jpg,training_data_final/elementalhero_images/48996569.jpg,48996569.jpg,monster
97362768,Spark Blaster,Spell Card,"Equip only to ""Elemental HERO Sparkman"". During your Main Phase: You can target 1 face-up monster; change the battle position of that target. After you use this effect 3 times, destroy this card.",0,0,0,Equip,Unknown,Elemental HERO,https://images.ygoprodeck.com/images/cards_cropped/97362768.jpg,training_data_final/elementalhero_images/97362768.jpg,97362768.jpg,spell
5126490,Neos Wiseman,Effect Monster,"Cannot be Normal Summoned or Set. Must be Special Summoned (from your hand) by sending 1 face-up ""Elemental HERO Neos"" and 1 face-up ""Yubel"" you control to the Graveyard, and cannot be Special Summoned by other ways. This card cannot be destroyed by card effects. At the end of the Damage Step, if this card battled an opponent's monster: Inflict damage to your opponent equal to the ATK of the monster it battled, and you gain Life Points equal to that monster's DEF.",3000,3000,10,Spellcaster,LIGHT,Elemental HERO,https://images.ygoprodeck.com/images/cards_cropped/5126490.jpg,training_data_final/elementalhero_images/5126490.jpg,5126490.jpg,effect monster
14088859,Neos Fusion,Spell Card,"Special Summon 1 Fusion Monster from your Extra Deck that lists exactly 2 monsters as material, including ""Elemental HERO Neos"", by sending those monsters from your hand, Deck, or field, ignoring its Summoning conditions. For the rest of this turn after this card resolves, you cannot Special Summon monsters. If a Fusion Monster(s) you control that lists ""Elemental HERO Neos"" as material would be destroyed by battle or card effect, or shuffled into the Extra Deck by its own effect, you can banish this card from your GY instead.",0,0,0,Normal,Unknown,Elemental HERO,https://images.ygoprodeck.com/images/cards_cropped/14088859.jpg,training_data_final/elementalhero_images/14088859.jpg,14088859.jpg,spell
78387742,Fake Hero,Spell Card,"Special Summon 1 ""Elemental HERO"" monster from your hand. That monster cannot attack, and returns to the hand during the End Phase.",0,0,0,Normal,Unknown,Elemental HERO,https://images.ygoprodeck.com/images/cards_cropped/78387742.jpg,training_data_final/elementalhero_images/78387742.jpg,78387742.jpg,spell
89058026,EN Wave,Spell Card,"If your ""Elemental HERO"" monster is used as material for a Fusion Summon, and sent to the GY or banished (except during the Damage Step): You can Special Summon 1 ""Neo-Spacian"" monster or 1 ""Elemental HERO Neos"" from your Deck. If a ""Neo-Spacian"" monster or ""Elemental HERO Neos"" you control or in your GY is shuffled into your Deck or Extra Deck (except during the Damage Step): You can Special Summon 1 ""Elemental HERO"" monster from your GY. You can only use each effect of ""EN Wave"" once per turn.",0,0,0,Continuous,Unknown,Unknown,https://images.ygoprodeck.com/images/cards_cropped/89058026.jpg,training_data_final/elementalhero_images/89058026.jpg,89058026.jpg,spell
40740224,Cross Keeper,Effect Monster,"You can send this card from your hand or field to the GY; Special Summon 1 ""Elemental HERO"" monster or 1 ""Neo-Spacian"" monster from your hand or GY, but negate its effects if Summoned from the GY. If you Special Summon an ""Elemental HERO"" Fusion Monster, while this card is in your GY (except during the Damage Step): You can banish this card; draw 2 cards, then place 1 card from your hand on the bottom of the Deck. You can only use each effect of ""Cross Keeper"" once per turn.",400,400,2,Warrior,DARK,Unknown,https://images.ygoprodeck.com/images/cards_cropped/40740224.jpg,training_data_final/elementalhero_images/40740224.jpg,40740224.jpg,effect monster
76442616,HERO's Bond,Spell Card,"If there is a face-up ""HERO"" monster on the field: Special Summon 2 Level 4 or lower ""Elemental HERO"" monsters from your hand.",0,0,0,Normal,Unknown,Elemental HERO,https://images.ygoprodeck.com/images/cards_cropped/76442616.jpg,training_data_final/elementalhero_images/76442616.jpg,76442616.jpg,spell
16169772,Instant Contact,Spell Card,"Pay 1000 LP; Special Summon 1 Level 7 or lower ""Elemental HERO"" or ""Neo-Spacian"" monster from your Extra Deck, ignoring its Summoning conditions. While ""Elemental HERO Neos"" is neither on your field nor in your GY, the Summoned monster cannot attack, its effects are negated, also it returns to the Extra Deck during the End Phase. You can only activate 1 ""Instant Contact"" per turn.",0,0,0,Normal,Unknown,Contact,https://images.ygoprodeck.com/images/cards_cropped/16169772.jpg,training_data_final/elementalhero_images/16169772.jpg,16169772.jpg,spell
17032740,Elemental HERO Chaos Neos,Fusion Monster,"""Elemental HERO Neos"" + ""Neo-Spacian Dark Panther"" + ""Neo-Spacian Glow Moss""
Must first be Special Summoned (from your Extra Deck) by shuffling the above cards you control into the Deck. (You do not use ""Polymerization"".) Once per turn, during the End Phase: Shuffle this card into the Extra Deck, and if you do, Set all face-up monsters on the field. Once per turn, during your Main Phase 1: You can toss a coin 3 times.
● 3 Heads: Destroy all monsters your opponent controls.
● 2 Heads: For the rest of this turn, the effects of all face-up monsters your opponent controls are negated.
● 1 Head: Return all monsters you control to the hand.",3000,2500,9,Warrior,DARK,Elemental HERO,https://images.ygoprodeck.com/images/cards_cropped/17032740.jpg,training_data_final/elementalhero_images/17032740.jpg,17032740.jpg,monster
62107981,Elemental HERO Knospe,Effect Monster,"Each time this card inflicts Battle Damage to your opponent: It gains 100 ATK and loses 100 DEF. While you control another face-up ""Elemental HERO"" monster, your opponent cannot target this card for an attack, and this card can attack your opponent directly.",600,1000,3,Plant,EARTH,Elemental HERO,https://images.ygoprodeck.com/images/cards_cropped/62107981.jpg,training_data_final/elementalhero_images/62107981.jpg,62107981.jpg,effect monster
54283059,Parallel World Fusion,Spell Card,"Fusion Summon 1 ""Elemental HERO"" Fusion Monster from your Extra Deck, by shuffling your banished Fusion Materials listed on it into your Deck. You cannot Special Summon monsters except by this card's effect, during the turn you activate this card.",0,0,0,Normal,Unknown,Elemental HERO,https://images.ygoprodeck.com/images/cards_cropped/54283059.jpg,training_data_final/elementalhero_images/54283059.jpg,54283059.jpg,spell
80075749,Bubble Illusion,Spell Card,"You can only activate this card while there is a face-up ""Elemental Hero Bubbleman"" on your side of the field. During this turn, you can activate 1 Trap Card from your hand.",0,0,0,Quick-Play,Unknown,Elemental HERO,https://images.ygoprodeck.com/images/cards_cropped/80075749.jpg,training_data_final/elementalhero_images/80075749.jpg,80075749.jpg,spell
37318031,R - Righteous Justice,Spell Card,"Destroy Spell/Trap Cards equal to the number of ""Elemental HERO"" cards you control.",0,0,0,Normal,Unknown,Elemental HERO,https://images.ygoprodeck.com/images/cards_cropped/37318031.jpg,training_data_final/elementalhero_images/37318031.jpg,37318031.jpg,spell
95486586,Elemental HERO Core,Fusion Monster,"3 ""Elemental HERO"" monsters
Must be Fusion Summoned and cannot be Special Summoned by other ways. Once per turn, when this card is targeted for an attack: You can make this card's ATK become double its current ATK until the end of the Damage Step. At the end of the Battle Phase, if this card battled: You can target 1 monster on the field; destroy it. When this card is destroyed by battle or card effect: You can target 1 Level 8 or lower ""Elemental HERO"" Fusion Monster in your Graveyard; Special Summon it, ignoring its Summoning conditions.",2700,2200,9,Warrior,EARTH,Elemental HERO,https://images.ygoprodeck.com/images/cards_cropped/95486586.jpg,training_data_final/elementalhero_images/95486586.jpg,95486586.jpg,monster
63035430,Skyscraper,Spell Card,"If an ""Elemental HERO"" monster attacks a monster that has a higher ATK, the attacking monster gains 1000 ATK during damage calculation only.",0,0,0,Field,Unknown,Elemental HERO,https://images.ygoprodeck.com/images/cards_cropped/63035430.jpg,training_data_final/elementalhero_images/63035430.jpg,63035430.jpg,spell
81197327,Elemental HERO Steam Healer,Fusion Monster,"""Elemental HERO Burstinatrix"" + ""Elemental HERO Bubbleman""
Must be Fusion Summoned and cannot be Special Summoned by other ways. When this card destroys a monster by battle and sends it to the Graveyard: Gain Life Points equal to the ATK of that destroyed monster in the Graveyard.",1800,1000,5,Warrior,WATER,Elemental HERO,https://images.ygoprodeck.com/images/cards_cropped/81197327.jpg,training_data_final/elementalhero_images/81197327.jpg,81197327.jpg,monster
40522482,Skydive Scorcher,Spell Card,"Target 1 ""Elemental HERO"" Fusion Monster you control; destroy as many monsters your opponent controls as possible, with ATK higher than that monster's, then inflict damage to your opponent equal to the highest original ATK among those destroyed monsters in the Graveyard (your choice, if tied). If a ""Skyscraper"" Field Spell Card is in your Field Zone, inflict damage to your opponent equal to the combined original ATK of those destroyed monsters in the Graveyard, instead.",0,0,0,Normal,Unknown,Elemental HERO,https://images.ygoprodeck.com/images/cards_cropped/40522482.jpg,training_data_final/elementalhero_images/40522482.jpg,40522482.jpg,spell
85787173,Generation Next,Spell Card,"If your LP are lower than your opponent's: Add to your hand, or Special Summon, 1 ""Elemental HERO"" monster, ""Kuriboh"" monster, or ""Neo-Spacian"" monster from your Deck or GY, with ATK less than or equal to the difference in LPs, also for the rest of this turn, you cannot activate cards, or the effects of cards, with the same name as that card. You can only activate 1 ""Generation Next"" per turn.",0,0,0,Quick-Play,Unknown,Elemental HERO,https://images.ygoprodeck.com/images/cards_cropped/85787173.jpg,training_data_final/elementalhero_images/85787173.jpg,85787173.jpg,spell
95362816,Elemental HERO Lady Heat,Effect Monster,"During each of your End Phases: Inflict 200 damage to your opponent for each face-up ""Elemental HERO"" monster you control.",1300,1000,4,Pyro,FIRE,Elemental HERO,https://images.ygoprodeck.com/images/cards_cropped/95362816.jpg,training_data_final/elementalhero_images/95362816.jpg,95362816.jpg,effect monster
23204029,Contrast HERO Chaos,Fusion Monster,"2 ""Masked HERO"" monsters
(This card is always treated as an ""Elemental HERO"" card.)
Must be Fusion Summoned and cannot be Special Summoned by other ways. While face-up on the field, this card is also LIGHT-Attribute. Once per turn, during either player's turn: You can target 1 face-up card on the field; negate that target's effects until the end of this turn.",3000,2600,9,Warrior,DARK,Elemental HERO,https://images.ygoprodeck.com/images/cards_cropped/23204029.jpg,training_data_final/elementalhero_images/23204029.jpg,23204029.jpg,monster
11502550,Elemental HERO Air Neos,Fusion Monster,"""Elemental Hero Neos"" + ""Neo-Spacian Air Hummingbird""
This card can only be Special Summoned from your Extra Deck by returning the above cards you control to the Deck. (You do not use ""Polymerization"".) While your Life Points are lower than your opponent's, this card gains ATK equal to the difference. This card returns to the Extra Deck during the End Phase.",2500,2000,7,Warrior,WIND,Elemental HERO,https://images.ygoprodeck.com/images/cards_cropped/11502550.jpg,training_data_final/elementalhero_images/11502550.jpg,11502550.jpg,monster
89943723,Elemental HERO Neos,Normal Monster,''A new Elemental HERO has arrived from Neo-Space! When he initiates a Contact Fusion with a Neo-Spacian his unknown powers are unleashed.'',2500,2000,7,Warrior,LIGHT,Elemental HERO,https://images.ygoprodeck.com/images/cards_cropped/89943724.jpg,training_data_final/elementalhero_images/89943724.jpg,89943724.jpg,monster
13293158,Evil HERO Wild Cyclone,Fusion Monster,"""Elemental HERO Avian"" + ""Elemental HERO Wildheart""
Must be Special Summoned with ""Dark Fusion"" and cannot be Special Summoned by other ways. If this card attacks, your opponent cannot activate any Spell/Trap Cards until the end of the Damage Step. When this card inflicts Battle Damage to your opponent: Destroy all face-down Spell and Trap Cards your opponent controls.",1900,2300,8,Fiend,EARTH,Evil HERO,https://images.ygoprodeck.com/images/cards_cropped/13293158.jpg,training_data_final/elementalhero_images/13293158.jpg,13293158.jpg,monster
81566151,Elemental HERO Flare Neos,Fusion Monster,"""Elemental HERO Neos"" + ""Neo-Spacian Flare Scarab""
Must first be Special Summoned (from your Extra Deck) by shuffling the above cards you control into the Deck. (You do not use ""Polymerization"".) This card gains 400 ATK for each Spell/Trap Card on the field. During the End Phase: Shuffle this card into the Extra Deck.",2500,2000,7,Warrior,FIRE,Elemental HERO,https://images.ygoprodeck.com/images/cards_cropped/81566151.jpg,training_data_final/elementalhero_images/81566151.jpg,81566151.jpg,monster
22061412,Elemental HERO The Shining,Fusion Monster,"1 ""Elemental HERO"" monster + 1 LIGHT monster
Must be Fusion Summoned and cannot be Special Summoned by other ways. This card gains 300 ATK for each of your banished ""Elemental HERO"" monsters. When this card is sent from the field to the Graveyard: You can target up to 2 of your banished ""Elemental HERO"" monsters; add those targets to your hand.",2600,2100,8,Warrior,LIGHT,Elemental HERO,https://images.ygoprodeck.com/images/cards_cropped/22061412.jpg,training_data_final/elementalhero_images/22061412.jpg,22061412.jpg,monster
47274077,Neos Force,Spell Card,"Equip only to ""Elemental HERO Neos"". It gains 800 ATK. When it destroys a monster by battle and sends it to the Graveyard: Inflict damage to your opponent equal to the original ATK of the destroyed monster in the Graveyard. During the End Phase: Shuffle this card into the Deck.",0,0,0,Equip,Unknown,Elemental HERO,https://images.ygoprodeck.com/images/cards_cropped/47274077.jpg,training_data_final/elementalhero_images/47274077.jpg,47274077.jpg,spell
88820235,Elemental HERO Shining Phoenix Enforcer,Fusion Monster,"""Elemental HERO Phoenix Enforcer"" + ""Elemental HERO Sparkman""
Must be Fusion Summoned and cannot be Special Summoned by other ways. This card gains 300 ATK for each ""Elemental HERO"" card in your Graveyard. This card cannot be destroyed by battle.",2500,2100,8,Warrior,FIRE,Elemental HERO,https://images.ygoprodeck.com/images/cards_cropped/88820235.jpg,training_data_final/elementalhero_images/88820235.jpg,88820235.jpg,monster
27191436,Burst Return,Spell Card,"If you control a face-up ""Elemental HERO Burstinatrix"": Return all face-up ""Elemental HERO"" monsters on the field to the hand, except ""Elemental HERO Burstinatrix"".",0,0,0,Normal,Unknown,Elemental HERO,https://images.ygoprodeck.com/images/cards_cropped/27191436.jpg,training_data_final/elementalhero_images/27191436.jpg,27191436.jpg,spell
89943723,Elemental HERO Neos,Normal Monster,''A new Elemental HERO has arrived from Neo-Space! When he initiates a Contact Fusion with a Neo-Spacian his unknown powers are unleashed.'',2500,2000,7,Warrior,LIGHT,Elemental HERO,https://images.ygoprodeck.com/images/cards_cropped/89943723.jpg,training_data_final/elementalhero_images/89943723.jpg,89943723.jpg,monster
50720316,Elemental HERO Shadow Mist,Effect Monster,"If this card is Special Summoned: You can add 1 ""Change"" Quick-Play Spell Card from your Deck to your hand. If this card is sent to the GY: You can add 1 ""HERO"" monster from your Deck to your hand, except ""Elemental HERO Shadow Mist"". You can only use 1 ""Elemental HERO Shadow Mist"" effect per turn, and only once that turn.",1000,1500,4,Warrior,DARK,Elemental HERO,https://images.ygoprodeck.com/images/cards_cropped/50720316.jpg,training_data_final/elementalhero_images/50720316.jpg,50720316.jpg,effect monster
20721928,Elemental HERO Sparkman,Normal Monster,An Elemental HERO and a warrior of light who proficiently wields many kinds of armaments. His Static Shockwave cuts off the path of villainy.,1600,1400,4,Warrior,LIGHT,Elemental HERO,https://images.ygoprodeck.com/images/cards_cropped/20721928.jpg,training_data_final/elementalhero_images/20721928.jpg,20721928.jpg,monster
55171412,Elemental HERO Aqua Neos,Fusion Monster,"""Elemental HERO Neos"" + ""Neo-Spacian Aqua Dolphin""
Must first be Special Summoned (from your Extra Deck) by shuffling the above cards you control into the Deck. (You do not use ""Polymerization"".) Once per turn: You can discard 1 card; destroy 1 random card in your opponent's hand. During the End Phase: Shuffle this card into the Extra Deck.",2500,2000,7,Warrior,WATER,Elemental HERO,https://images.ygoprodeck.com/images/cards_cropped/55171412.jpg,training_data_final/elementalhero_images/55171412.jpg,55171412.jpg,monster
21844576,Elemental HERO Avian,Normal Monster,"A winged Elemental HERO who wheels through the sky and manipulates the wind. His signature move, Featherbreak, gives villainy a blow from sky-high.",1000,1000,3,Warrior,WIND,Elemental HERO,https://images.ygoprodeck.com/images/cards_cropped/21844576.jpg,training_data_final/elementalhero_images/21844576.jpg,21844576.jpg,monster
69572169,Elemental HERO Flash,Effect Monster,"When this card is destroyed by battle and sent to the Graveyard: You can banish this card and 3 ""Elemental HERO"" Monster Cards with different names from your Graveyard to target 1 Normal Spell Card in your Graveyard; add that target to your hand.",1100,1600,4,Warrior,LIGHT,Elemental HERO,https://images.ygoprodeck.com/images/cards_cropped/69572169.jpg,training_data_final/elementalhero_images/69572169.jpg,69572169.jpg,effect monster
26509612,Terra Firma Gravity,Trap Card,"During your opponent's Battle Phase, if you control ""Elemental HERO Terra Firma"": This turn, all Level 4 or lower monsters your opponent controls that can attack a face-up ""Elemental HERO Terra Firma"" you control must attack it, and cannot otherwise attack.",0,0,0,Normal,Unknown,Elemental HERO,https://images.ygoprodeck.com/images/cards_cropped/26509612.jpg,training_data_final/elementalhero_images/26509612.jpg,26509612.jpg,trap
85507811,Elemental HERO Glow Neos,Fusion Monster,"""Elemental HERO Neos"" + ""Neo-Spacian Glow Moss""
Must first be Special Summoned (from your Extra Deck) by shuffling the above cards you control into the Deck. (You do not use ""Polymerization"".) During the End Phase: Shuffle this card into the Extra Deck. Once per turn, during your Main Phase 1: You can target 1 face-up card your opponent controls; destroy that target, then apply the effect based on its type. ● Monster: This card cannot attack this turn. ● Spell: This card can attack your opponent directly this turn. ● Trap: Change this card to Defense Position.",2500,2000,7,Warrior,LIGHT,Elemental HERO,https://images.ygoprodeck.com/images/cards_cropped/85507811.jpg,training_data_final/elementalhero_images/85507811.jpg,85507811.jpg,monster
81167171,Hero Spirit,Trap Card,"During the Battle Phase, if an ""Elemental HERO"" monster you controlled was destroyed by battle this turn: Make the Battle Damage from 1 of your opponent's monsters 0.",0,0,0,Normal,Unknown,Elemental HERO,https://images.ygoprodeck.com/images/cards_cropped/81167171.jpg,training_data_final/elementalhero_images/81167171.jpg,81167171.jpg,trap
52553471,Over Fusion,Spell Card,"Target 1 face-up monster on the field; reveal 1 ""Elemental HERO"", ""Neo-Spacian"", or Level 10 monster from your hand, Deck, or Extra Deck, and the targeted monster's name can be treated as the revealed monster's if used as Fusion Material this turn. Send the revealed monster to the GY if you have ""Elemental HERO Neos"" on your field or in your GY, otherwise shuffle it back into its Deck (if revealed from the hand, shuffle into the Main Deck). You can only activate 1 ""Over Fusion"" per turn.",0,0,0,Quick-Play,Unknown,Fusion,https://images.ygoprodeck.com/images/cards_cropped/52553471.jpg,training_data_final/elementalhero_images/52553471.jpg,52553471.jpg,spell
48486809,Winged Kuriboh LV6,Effect Monster,"(This card is always treated as an ""Elemental HERO"" and ""Favorite"" card.)
Cannot be Normal Summoned/Set. Must be Special Summoned (from your hand or GY) by banishing 1 ""Elemental HERO"" Fusion Monster or 1 ""Winged Kuriboh"" from your hand, face-up Monster Zone, or GY. You can only Special Summon ""Winged Kuriboh LV6"" once per turn this way. When an opponent's monster declares an attack, or when your opponent activates a monster effect on the field (Quick Effect): You can Tribute this card; destroy that monster, and if you do, inflict damage to your opponent equal to its original ATK.",300,200,6,Fairy,LIGHT,Elemental HERO,https://images.ygoprodeck.com/images/cards_cropped/48486809.jpg,training_data_final/elementalhero_images/48486809.jpg,48486809.jpg,effect monster
74095602,Change of Hero - Reflector Ray,Trap Card,"When an ""Elemental HERO"" Fusion Monster you control is destroyed by battle and sent to the Graveyard: Inflict damage to your opponent equal to its original Level x 300.",0,0,0,Normal,Unknown,Elemental HERO,https://images.ygoprodeck.com/images/cards_cropped/74095602.jpg,training_data_final/elementalhero_images/74095602.jpg,74095602.jpg,trap
74711057,Elemental HERO Terra Firma,Fusion Monster,"""Elemental HERO Ocean"" + ""Elemental HERO Woodsman""
Must be Fusion Summoned and cannot be Special Summoned by other ways. You can Tribute 1 face-up ""Elemental HERO"" monster; this card gains ATK equal to the Tributed monster's ATK, until the End Phase.",2500,2000,8,Warrior,EARTH,Elemental HERO,https://images.ygoprodeck.com/images/cards_cropped/74711057.jpg,training_data_final/elementalhero_images/74711057.jpg,74711057.jpg,monster
37412656,Hero Blast,Trap Card,"Target 1 ""Elemental HERO"" Normal Monster in your Graveyard; add that target to your hand, then if your opponent controls any monsters with ATK less than or equal to that target's ATK, destroy 1 of them.",0,0,0,Normal,Unknown,Elemental HERO,https://images.ygoprodeck.com/images/cards_cropped/37412656.jpg,training_data_final/elementalhero_images/37412656.jpg,37412656.jpg,trap
67951831,Hero Heart,Spell Card,"Target 1 face-up ""Elemental HERO"" monster you control; halve its ATK until the end of this turn, but it can attack twice during this turn's Battle Phase.",0,0,0,Normal,Unknown,Elemental HERO,https://images.ygoprodeck.com/images/cards_cropped/67951831.jpg,training_data_final/elementalhero_images/67951831.jpg,67951831.jpg,spell
33574806,Elemental HERO Escuridao,Fusion Monster,"1 ""Elemental HERO"" monster + 1 DARK monster
Must be Fusion Summoned and cannot be Special Summoned by other ways. This card gains 100 ATK for each ""Elemental HERO"" monster in your Graveyard.",2500,2000,8,Warrior,DARK,Elemental HERO,https://images.ygoprodeck.com/images/cards_cropped/33574806.jpg,training_data_final/elementalhero_images/33574806.jpg,33574806.jpg,monster
